0x0008e2dEE5AeE2c2516212f86A029e3602f42dA4,100,1645861431
0x0019B054dE17Fc938669461DaEC244F9F0750476,350,1645861431
0x004ea2BcFE6D51a2591DAd04eBb3968224f50dA7,1000,1645861431
0x005c434447969152382C036e2644F7Abb79Fa25F,400,1645861431
0x00741018314ebd4ba1e4e453b985a156e57102f6,2100,1645861431
0x007488782bEC5786ACa8BB783Db8EDB086A92ebe,40000,1645861431
0x0080209Cb527bd38350FeC6FDEfdc28b0a0522E3,57000,1645861431
0x00889049Ff746c7a93F876750bE52941DB91435d,12345,1645861431
0x008DFbbEeCA3c17516DEED9B80a05AB2d2C2c038,3,1645861431
0x008F681F3273b29874bd5EA35b185841F38EcFbd,223,1645861431
0x063C22e0917b4B051cb81Ef91c5052Cd8C0D0E56,1,1643205600
0x063C22e0917b4B051cb81Ef91c5052Cd8C0D0E56,2,1643205000
0x063C22e0917b4B051cb81Ef91c5052Cd8C0D0E56,3,1643204400
0x063C22e0917b4B051cb81Ef91c5052Cd8C0D0E56,4,1643203800
0x8fe6200F350489582cfc470ede6dECD650d7Cd7E,5,1643203800
